"subject_id","label"
"1","1"
"2","1"
"3","1"
"4","1"
"5","1"
"6","1"
"7","1"
"8","1"
"9","1"
"10","2"
"11","2"
"12","2"
"13","2"
"14","2"
"15","2"
"16","2"
"17","2"
"18","2"
"19","3"
"20","3"
"21","3"
"22","3"
"23","3"
"24","3"
"25","3"
"26","4"
"27","4"
"28","4"
"29","4"
"30","4"
"31","4"
"32","4"
"33","5"
"34","5"
"35","5"
"36","5"
"37","5"
"38","5"
"39","5"
"40","5"
"41","5"
"42","5"
"43","5"
"44","5"
"45","6"
"46","6"
"47","6"
"48","6"
"49","6"
"50","6"
"51","6"
"52","6"
"53","6"
"54","7"
"55","7"
"56","7"
"57","7"
"58","7"
"59","7"
"60","7"
"61","7"
"62","7"
"63","8"
"64","8"
"65","8"
"66","8"
"67","8"
"68","8"
"69","8"
"70","8"
"71","8"
"72","9"
"73","9"
"74","9"
"75","9"
"76","9"
"77","9"
"78","9"
"79","10"
"80","10"
"81","10"
"82","10"
"83","10"
"84","10"
"85","11"
"86","11"
"87","11"
"88","11"
"89","11"
"90","11"
"91","11"
"92","11"
"93","11"
"94","12"
"95","12"
"96","12"
"97","12"
"98","12"
"99","12"
"100","12"
"101","12"
"102","12"
"103","13"
"104","13"
"105","13"
"106","13"
"107","13"
"108","13"
"109","14"
"110","14"
"111","14"
"112","14"
"113","14"
"114","14"
"115","15"
"116","15"
"117","15"
"118","15"
"119","15"
"120","15"
"121","15"
"122","15"
"123","16"
"124","16"
"125","16"
"126","16"
"127","16"
"128","17"
"129","17"
"130","17"
"131","17"
"132","17"
"133","17"
"134","18"
"135","18"
"136","18"
"137","18"
"138","18"
"139","18"
"140","18"
"141","18"
"142","18"
"143","19"
"144","19"
"145","19"
"146","19"
"147","19"
"148","19"
"149","19"
"150","20"
"151","20"
"152","20"
"153","20"
"154","1"
"155","1"
"156","1"
"157","1"
"158","1"
"159","1"
"160","2"
"161","2"
"162","2"
"163","2"
"164","2"
"165","2"
"166","3"
"167","3"
"168","3"
"169","3"
"170","3"
"171","3"
"172","3"
"173","3"
"174","4"
"175","4"
"176","4"
"177","4"
"178","4"
"179","4"
"180","4"
"181","4"
"182","5"
"183","5"
"184","5"
"185","6"
"186","6"
"187","6"
"188","6"
"189","6"
"190","6"
"191","7"
"192","7"
"193","7"
"194","7"
"195","7"
"196","7"
"197","8"
"198","8"
"199","8"
"200","8"
"201","8"
"202","8"
"203","9"
"204","9"
"205","9"
"206","9"
"207","9"
"208","9"
"209","9"
"210","9"
"211","10"
"212","10"
"213","10"
"214","10"
"215","10"
"216","10"
"217","10"
"218","10"
"219","10"
"220","11"
"221","11"
"222","11"
"223","11"
"224","11"
"225","11"
"226","12"
"227","12"
"228","12"
"229","12"
"230","12"
"231","12"
"232","13"
"233","13"
"234","13"
"235","13"
"236","13"
"237","13"
"238","13"
"239","13"
"240","13"
"241","14"
"242","14"
"243","14"
"244","14"
"245","14"
"246","14"
"247","14"
"248","14"
"249","14"
"250","15"
"251","15"
"252","15"
"253","15"
"254","15"
"255","15"
"256","15"
"257","16"
"258","16"
"259","16"
"260","16"
"261","16"
"262","16"
"263","16"
"264","16"
"265","16"
"266","16"
"267","17"
"268","17"
"269","17"
"270","17"
"271","17"
"272","17"
"273","17"
"274","17"
"275","17"
"276","18"
"277","18"
"278","18"
"279","18"
"280","18"
"281","18"
"282","19"
"283","19"
"284","19"
"285","19"
"286","19"
"287","19"
"288","19"
"289","19"
"290","20"
"291","20"
"292","20"
"293","20"
"294","20"
"295","20"
"296","20"
"297","20"
"298","20"
"299","20"
"300","20"
"301","1"
"302","1"
"303","1"
"304","1"
"305","1"
"306","1"
"307","1"
"308","1"
"309","1"
"310","1"
"311","1"
"312","1"
"313","1"
"314","1"
"315","1"
"316","1"
"317","1"
"318","1"
"319","1"
"320","1"
"321","1"
"322","1"
"323","1"
"324","1"
"325","1"
"326","1"
"327","1"
"328","1"
"329","1"
"330","1"
"331","1"
"332","1"
"333","1"
"334","1"
"335","1"
"336","1"
"337","1"
"338","1"
"339","1"
"340","1"
"341","1"
"342","1"
"343","1"
"344","1"
"345","1"
"346","1"
"347","1"
"348","1"
"349","1"
"350","1"
"351","1"
"352","1"
"353","1"
"354","1"
"355","1"
"356","1"
"357","1"
"358","1"
"359","1"
"360","1"
"361","1"
"362","1"
"363","1"
"364","1"
"365","1"
"366","1"
"367","1"
"368","1"
"369","1"
"370","1"
"371","1"
"372","1"
"373","1"
"374","1"
"375","1"
"376","1"
"377","1"
"378","1"
"379","1"
"380","1"
"381","1"
"382","1"
"383","1"
"384","1"
"385","1"
"386","1"
"387","1"
"388","1"
"389","2"
"390","2"
"391","2"
"392","2"
"393","2"
"394","2"
"395","2"
"396","2"
"397","2"
"398","2"
"399","2"
"400","2"
"401","2"
"402","2"
"403","2"
"404","2"
"405","2"
"406","2"
"407","2"
"408","2"
"409","2"
"410","2"
"411","2"
"412","2"
"413","2"
"414","2"
"415","2"
"416","2"
"417","2"
"418","2"
"419","2"
"420","2"
"421","2"
"422","2"
"423","2"
"424","2"
"425","2"
"426","2"
"427","2"
"428","2"
"429","2"
"430","2"
"431","2"
"432","2"
"433","2"
"434","2"
"435","2"
"436","2"
"437","2"
"438","2"
"439","2"
"440","2"
"441","2"
"442","2"
"443","2"
"444","2"
"445","2"
"446","2"
"447","2"
"448","2"
"449","2"
"450","2"
"451","2"
"452","2"
"453","3"
"454","3"
"455","3"
"456","3"
"457","3"
"458","3"
"459","3"
"460","3"
"461","3"
"462","3"
"463","3"
"464","3"
"465","3"
"466","3"
"467","3"
"468","3"
"469","3"
"470","3"
"471","3"
"472","3"
"473","3"
"474","3"
"475","3"
"476","3"
"477","3"
"478","3"
"479","3"
"480","3"
"481","3"
"482","3"
"483","3"
"484","3"
"485","3"
"486","3"
"487","3"
"488","3"
"489","3"
"490","3"
"491","3"
"492","3"
"493","3"
"494","3"
"495","3"
"496","3"
"497","3"
"498","3"
"499","3"
"500","3"
"501","4"
"502","4"
"503","4"
"504","4"
"505","4"
"506","4"
"507","4"
"508","4"
"509","4"
"510","4"
"511","4"
"512","4"
"513","4"
"514","4"
"515","4"
"516","4"
"517","4"
"518","4"
"519","4"
"520","4"
"521","4"
"522","4"
"523","4"
"524","4"
"525","4"
"526","4"
"527","4"
"528","4"
"529","4"
"530","4"
"531","4"
"532","4"
"533","4"
"534","4"
"535","4"
"536","4"
"537","4"
"538","4"
"539","4"
"540","4"
"541","4"
"542","4"
"543","4"
"544","4"
"545","4"
"546","4"
"547","4"
"548","4"
"549","4"
"550","4"
"551","4"
"552","4"
"553","4"
"554","4"
"555","4"
"556","4"
"557","4"
"558","4"
"559","4"
"560","4"
"561","4"
"562","4"
"563","4"
"564","4"
"565","4"
"566","4"
"567","4"
"568","4"
"569","4"
"570","4"
"571","4"
"572","4"
"573","4"
"574","4"
"575","4"
"576","5"
"577","5"
"578","5"
"579","5"
"580","5"
"581","5"
"582","5"
"583","5"
"584","5"
"585","5"
"586","5"
"587","5"
"588","5"
"589","5"
"590","5"
"591","5"
"592","5"
"593","5"
"594","5"
"595","5"
"596","5"
"597","5"
"598","5"
"599","5"
"600","5"
"601","5"
"602","5"
"603","5"
"604","5"
"605","5"
"606","5"
"607","5"
"608","5"
"609","5"
"610","5"
"611","5"
"612","5"
"613","5"
"614","5"
"615","5"
"616","5"
"617","5"
"618","5"
"619","5"
"620","5"
"621","5"
"622","5"
"623","5"
"624","5"
"625","5"
"626","5"
"627","5"
"628","5"
"629","5"
"630","5"
"631","5"
"632","5"
"633","5"
"634","5"
"635","5"
"636","5"
"637","5"
"638","5"
"639","5"
"640","5"
"641","5"
"642","5"
"643","5"
"644","5"
"645","5"
"646","5"
"647","5"
"648","5"
"649","5"
"650","5"
"651","5"
"652","5"
"653","5"
"654","5"
"655","5"
"656","5"
"657","5"
"658","5"
"659","5"
"660","5"
"661","5"
"662","5"
"663","5"
"664","5"
"665","5"
"666","5"
"667","5"
"668","5"
"669","5"
"670","5"
"671","5"
"672","5"
"673","5"
"674","5"
"675","5"
"676","5"
"677","6"
"678","6"
"679","6"
"680","6"
"681","6"
"682","6"
"683","6"
"684","6"
"685","6"
"686","6"
"687","6"
"688","6"
"689","6"
"690","6"
"691","6"
"692","6"
"693","6"
"694","6"
"695","6"
"696","6"
"697","6"
"698","6"
"699","6"
"700","6"
"701","6"
"702","6"
"703","6"
"704","6"
"705","6"
"706","6"
"707","6"
"708","6"
"709","6"
"710","6"
"711","6"
"712","6"
"713","6"
"714","6"
"715","6"
"716","6"
"717","6"
"718","6"
"719","6"
"720","6"
"721","6"
"722","6"
"723","6"
"724","6"
"725","6"
"726","6"
"727","6"
"728","6"
"729","6"
"730","6"
"731","6"
"732","6"
"733","6"
"734","7"
"735","7"
"736","7"
"737","7"
"738","7"
"739","7"
"740","7"
"741","7"
"742","7"
"743","7"
"744","7"
"745","7"
"746","7"
"747","7"
"748","7"
"749","7"
"750","7"
"751","7"
"752","7"
"753","7"
"754","7"
"755","7"
"756","7"
"757","7"
"758","7"
"759","7"
"760","7"
"761","7"
"762","7"
"763","7"
"764","7"
"765","7"
"766","7"
"767","7"
"768","7"
"769","7"
"770","7"
"771","7"
"772","7"
"773","7"
"774","7"
"775","7"
"776","7"
"777","7"
"778","7"
"779","7"
"780","7"
"781","7"
"782","8"
"783","8"
"784","8"
"785","8"
"786","8"
"787","8"
"788","8"
"789","8"
"790","8"
"791","8"
"792","8"
"793","8"
"794","8"
"795","8"
"796","8"
"797","8"
"798","8"
"799","8"
"800","8"
"801","8"
"802","8"
"803","8"
"804","8"
"805","8"
"806","8"
"807","8"
"808","8"
"809","8"
"810","8"
"811","8"
"812","8"
"813","8"
"814","8"
"815","8"
"816","8"
"817","8"
"818","8"
"819","8"
"820","8"
"821","8"
"822","8"
"823","8"
"824","8"
"825","8"
"826","8"
"827","8"
"828","8"
"829","8"
"830","8"
"831","8"
"832","8"
"833","8"
"834","8"
"835","8"
"836","8"
"837","8"
"838","8"
"839","8"
"840","8"
"841","8"
"842","8"
"843","8"
"844","8"
"845","8"
"846","8"
"847","8"
"848","8"
"849","8"
"850","8"
"851","8"
"852","8"
"853","9"
"854","9"
"855","9"
"856","9"
"857","9"
"858","9"
"859","9"
"860","9"
"861","9"
"862","9"
"863","9"
"864","9"
"865","9"
"866","9"
"867","9"
"868","9"
"869","9"
"870","9"
"871","9"
"872","9"
"873","9"
"874","9"
"875","9"
"876","9"
"877","9"
"878","9"
"879","9"
"880","9"
"881","9"
"882","9"
"883","9"
"884","9"
"885","9"
"886","9"
"887","9"
"888","9"
"889","9"
"890","9"
"891","9"
"892","9"
"893","9"
"894","9"
"895","9"
"896","9"
"897","9"
"898","9"
"899","9"
"900","9"
"901","9"
"902","9"
"903","9"
"904","9"
"905","9"
"906","9"
"907","9"
"908","9"
"909","9"
"910","9"
"911","9"
"912","9"
"913","9"
"914","9"
"915","10"
"916","10"
"917","10"
"918","10"
"919","10"
"920","10"
"921","10"
"922","10"
"923","10"
"924","10"
"925","10"
"926","10"
"927","10"
"928","10"
"929","10"
"930","10"
"931","10"
"932","10"
"933","10"
"934","10"
"935","10"
"936","10"
"937","10"
"938","10"
"939","10"
"940","10"
"941","10"
"942","10"
"943","10"
"944","10"
"945","10"
"946","10"
"947","10"
"948","10"
"949","10"
"950","10"
"951","10"
"952","10"
"953","10"
"954","10"
"955","10"
"956","10"
"957","10"
"958","10"
"959","10"
"960","10"
"961","10"
"962","10"
"963","10"
"964","10"
"965","11"
"966","11"
"967","11"
"968","11"
"969","11"
"970","11"
"971","11"
"972","11"
"973","11"
"974","11"
"975","11"
"976","11"
"977","11"
"978","11"
"979","11"
"980","11"
"981","11"
"982","11"
"983","11"
"984","11"
"985","11"
"986","11"
"987","11"
"988","11"
"989","11"
"990","11"
"991","11"
"992","11"
"993","11"
"994","11"
"995","11"
"996","11"
"997","11"
"998","11"
"999","11"
"1000","11"
"1001","11"
"1002","11"
"1003","11"
"1004","11"
"1005","11"
"1006","11"
"1007","11"
"1008","11"
"1009","11"
"1010","11"
"1011","11"
"1012","11"
"1013","11"
"1014","11"
"1015","11"
"1016","11"
"1017","11"
"1018","11"
"1019","11"
"1020","11"
"1021","11"
"1022","11"
"1023","11"
"1024","12"
"1025","12"
"1026","12"
"1027","12"
"1028","12"
"1029","12"
"1030","12"
"1031","12"
"1032","12"
"1033","12"
"1034","12"
"1035","12"
"1036","12"
"1037","12"
"1038","12"
"1039","12"
"1040","12"
"1041","12"
"1042","12"
"1043","12"
"1044","12"
"1045","12"
"1046","12"
"1047","12"
"1048","12"
"1049","12"
"1050","12"
"1051","12"
"1052","12"
"1053","12"
"1054","12"
"1055","12"
"1056","12"
"1057","12"
"1058","12"
"1059","12"
"1060","12"
"1061","12"
"1062","12"
"1063","12"
"1064","12"
"1065","12"
"1066","12"
"1067","12"
"1068","12"
"1069","12"
"1070","12"
"1071","12"
"1072","12"
"1073","12"
"1074","12"
"1075","12"
"1076","12"
"1077","12"
"1078","12"
"1079","12"
"1080","12"
"1081","12"
"1082","12"
"1083","12"
"1084","12"
"1085","13"
"1086","13"
"1087","13"
"1088","13"
"1089","13"
"1090","13"
"1091","13"
"1092","13"
"1093","13"
"1094","13"
"1095","13"
"1096","13"
"1097","13"
"1098","13"
"1099","13"
"1100","13"
"1101","13"
"1102","13"
"1103","13"
"1104","13"
"1105","13"
"1106","13"
"1107","13"
"1108","13"
"1109","13"
"1110","13"
"1111","13"
"1112","13"
"1113","13"
"1114","13"
"1115","13"
"1116","13"
"1117","13"
"1118","13"
"1119","13"
"1120","13"
"1121","13"
"1122","13"
"1123","13"
"1124","13"
"1125","13"
"1126","13"
"1127","13"
"1128","13"
"1129","13"
"1130","13"
"1131","13"
"1132","13"
"1133","13"
"1134","13"
"1135","13"
"1136","13"
"1137","13"
"1138","13"
"1139","13"
"1140","13"
"1141","13"
"1142","13"
"1143","13"
"1144","13"
"1145","13"
"1146","13"
"1147","13"
"1148","13"
"1149","14"
"1150","14"
"1151","14"
"1152","14"
"1153","14"
"1154","14"
"1155","14"
"1156","14"
"1157","14"
"1158","14"
"1159","14"
"1160","14"
"1161","14"
"1162","14"
"1163","14"
"1164","14"
"1165","14"
"1166","14"
"1167","14"
"1168","14"
"1169","14"
"1170","14"
"1171","14"
"1172","14"
"1173","14"
"1174","14"
"1175","14"
"1176","14"
"1177","14"
"1178","14"
"1179","14"
"1180","14"
"1181","14"
"1182","14"
"1183","14"
"1184","14"
"1185","14"
"1186","14"
"1187","14"
"1188","14"
"1189","14"
"1190","14"
"1191","14"
"1192","14"
"1193","14"
"1194","14"
"1195","14"
"1196","14"
"1197","14"
"1198","14"
"1199","14"
"1200","15"
"1201","15"
"1202","15"
"1203","15"
"1204","15"
"1205","15"
"1206","15"
"1207","15"
"1208","15"
"1209","15"
"1210","15"
"1211","15"
"1212","15"
"1213","15"
"1214","15"
"1215","15"
"1216","15"
"1217","15"
"1218","15"
"1219","15"
"1220","15"
"1221","15"
"1222","15"
"1223","15"
"1224","15"
"1225","15"
"1226","15"
"1227","15"
"1228","15"
"1229","15"
"1230","15"
"1231","15"
"1232","15"
"1233","15"
"1234","15"
"1235","15"
"1236","15"
"1237","15"
"1238","15"
"1239","15"
"1240","15"
"1241","15"
"1242","15"
"1243","15"
"1244","15"
"1245","15"
"1246","15"
"1247","15"
"1248","15"
"1249","15"
"1250","15"
"1251","15"
"1252","15"
"1253","15"
"1254","15"
"1255","15"
"1256","16"
"1257","16"
"1258","16"
"1259","16"
"1260","16"
"1261","16"
"1262","16"
"1263","16"
"1264","16"
"1265","16"
"1266","16"
"1267","16"
"1268","16"
"1269","16"
"1270","16"
"1271","16"
"1272","16"
"1273","16"
"1274","16"
"1275","16"
"1276","16"
"1277","16"
"1278","16"
"1279","16"
"1280","16"
"1281","16"
"1282","16"
"1283","16"
"1284","16"
"1285","16"
"1286","16"
"1287","16"
"1288","16"
"1289","16"
"1290","16"
"1291","16"
"1292","16"
"1293","16"
"1294","16"
"1295","16"
"1296","16"
"1297","16"
"1298","16"
"1299","16"
"1300","16"
"1301","16"
"1302","16"
"1303","16"
"1304","16"
"1305","16"
"1306","16"
"1307","16"
"1308","16"
"1309","16"
"1310","16"
"1311","16"
"1312","16"
"1313","16"
"1314","16"
"1315","16"
"1316","16"
"1317","16"
"1318","17"
"1319","17"
"1320","17"
"1321","17"
"1322","17"
"1323","17"
"1324","17"
"1325","17"
"1326","17"
"1327","17"
"1328","17"
"1329","17"
"1330","17"
"1331","17"
"1332","17"
"1333","17"
"1334","17"
"1335","17"
"1336","17"
"1337","17"
"1338","17"
"1339","17"
"1340","17"
"1341","17"
"1342","17"
"1343","17"
"1344","17"
"1345","17"
"1346","17"
"1347","17"
"1348","17"
"1349","17"
"1350","17"
"1351","17"
"1352","17"
"1353","17"
"1354","17"
"1355","17"
"1356","17"
"1357","17"
"1358","17"
"1359","17"
"1360","17"
"1361","17"
"1362","17"
"1363","17"
"1364","17"
"1365","17"
"1366","17"
"1367","17"
"1368","17"
"1369","17"
"1370","17"
"1371","17"
"1372","17"
"1373","17"
"1374","17"
"1375","17"
"1376","17"
"1377","17"
"1378","17"
"1379","17"
"1380","17"
"1381","17"
"1382","17"
"1383","17"
"1384","17"
"1385","17"
"1386","18"
"1387","18"
"1388","18"
"1389","18"
"1390","18"
"1391","18"
"1392","18"
"1393","18"
"1394","18"
"1395","18"
"1396","18"
"1397","18"
"1398","18"
"1399","18"
"1400","18"
"1401","18"
"1402","18"
"1403","18"
"1404","18"
"1405","18"
"1406","18"
"1407","18"
"1408","18"
"1409","18"
"1410","18"
"1411","18"
"1412","18"
"1413","18"
"1414","18"
"1415","18"
"1416","18"
"1417","18"
"1418","18"
"1419","18"
"1420","18"
"1421","18"
"1422","18"
"1423","18"
"1424","18"
"1425","18"
"1426","18"
"1427","18"
"1428","18"
"1429","18"
"1430","18"
"1431","18"
"1432","18"
"1433","18"
"1434","18"
"1435","18"
"1436","18"
"1437","19"
"1438","19"
"1439","19"
"1440","19"
"1441","19"
"1442","19"
"1443","19"
"1444","19"
"1445","19"
"1446","19"
"1447","19"
"1448","19"
"1449","19"
"1450","19"
"1451","19"
"1452","19"
"1453","19"
"1454","19"
"1455","19"
"1456","19"
"1457","19"
"1458","19"
"1459","19"
"1460","19"
"1461","19"
"1462","19"
"1463","19"
"1464","19"
"1465","19"
"1466","19"
"1467","19"
"1468","19"
"1469","19"
"1470","19"
"1471","19"
"1472","19"
"1473","19"
"1474","19"
"1475","19"
"1476","19"
"1477","19"
"1478","19"
"1479","19"
"1480","19"
"1481","19"
"1482","19"
"1483","19"
"1484","19"
"1485","19"
"1486","19"
"1487","19"
"1488","19"
"1489","19"
"1490","19"
"1491","19"
"1492","19"
"1493","19"
"1494","19"
"1495","19"
"1496","19"
"1497","20"
"1498","20"
"1499","20"
"1500","20"
"1501","20"
"1502","20"
"1503","20"
"1504","20"
"1505","20"
"1506","20"
"1507","20"
"1508","20"
"1509","20"
"1510","20"
"1511","20"
"1512","20"
"1513","20"
"1514","20"
"1515","20"
"1516","20"
"1517","20"
"1518","20"
"1519","20"
"1520","20"
"1521","20"
"1522","20"
"1523","20"
"1524","20"
"1525","20"
"1526","20"
"1527","20"
"1528","20"
"1529","20"
"1530","20"
"1531","20"
"1532","20"
"1533","20"
"1534","20"
"1535","20"
"1536","20"
"1537","20"
"1538","20"
"1539","20"
"1540","20"
"1541","20"
"1542","20"
"1543","20"
"1544","20"
"1545","20"
"1546","20"
"1547","20"
"1548","20"
"1549","20"
"1550","20"
"1551","20"
"1552","20"
"1553","20"
"1554","20"
"1555","20"
"1556","20"
"1557","20"
"1558","20"
"1559","20"
"1560","20"
"1561","20"
"1562","20"
"1563","20"
"1564","20"
"1565","20"
"1566","20"
"1567","20"
"1568","20"
"1569","20"
"1570","20"
"1571","20"
"1572","20"
"1573","20"
"1574","20"
"1575","20"
"1576","20"
"1577","20"
"1578","20"
"1579","20"
"1580","20"
"1581","1"
"1582","1"
"1583","1"
"1584","1"
"1585","1"
"1586","1"
"1587","1"
"1588","1"
"1589","1"
"1590","1"
"1591","1"
"1592","1"
"1593","1"
"1594","1"
"1595","1"
"1596","1"
"1597","1"
"1598","1"
"1599","1"
"1600","1"
"1601","1"
"1602","1"
"1603","1"
"1604","1"
"1605","1"
"1606","1"
"1607","1"
"1608","1"
"1609","1"
"1610","1"
"1611","1"
"1612","1"
"1613","1"
"1614","1"
"1615","1"
"1616","1"
"1617","1"
"1618","1"
"1619","1"
"1620","1"
"1621","1"
"1622","1"
"1623","1"
"1624","1"
"1625","1"
"1626","1"
"1627","1"
"1628","1"
"1629","1"
"1630","1"
"1631","1"
"1632","1"
"1633","1"
"1634","1"
"1635","1"
"1636","1"
"1637","1"
"1638","1"
"1639","1"
"1640","1"
"1641","1"
"1642","1"
"1643","1"
"1644","1"
"1645","1"
"1646","1"
"1647","1"
"1648","1"
"1649","2"
"1650","2"
"1651","2"
"1652","2"
"1653","2"
"1654","2"
"1655","2"
"1656","2"
"1657","2"
"1658","2"
"1659","2"
"1660","2"
"1661","2"
"1662","2"
"1663","2"
"1664","2"
"1665","2"
"1666","2"
"1667","2"
"1668","2"
"1669","2"
"1670","2"
"1671","2"
"1672","2"
"1673","2"
"1674","2"
"1675","2"
"1676","2"
"1677","2"
"1678","2"
"1679","2"
"1680","2"
"1681","2"
"1682","2"
"1683","2"
"1684","2"
"1685","2"
"1686","2"
"1687","2"
"1688","2"
"1689","2"
"1690","2"
"1691","2"
"1692","2"
"1693","2"
"1694","2"
"1695","2"
"1696","2"
"1697","2"
"1698","2"
"1699","2"
"1700","2"
"1701","2"
"1702","2"
"1703","2"
"1704","2"
"1705","2"
"1706","2"
"1707","2"
"1708","2"
"1709","2"
"1710","2"
"1711","3"
"1712","3"
"1713","3"
"1714","3"
"1715","3"
"1716","3"
"1717","3"
"1718","3"
"1719","3"
"1720","3"
"1721","3"
"1722","3"
"1723","3"
"1724","3"
"1725","3"
"1726","3"
"1727","3"
"1728","3"
"1729","3"
"1730","3"
"1731","3"
"1732","3"
"1733","3"
"1734","3"
"1735","3"
"1736","3"
"1737","3"
"1738","3"
"1739","3"
"1740","3"
"1741","3"
"1742","3"
"1743","3"
"1744","3"
"1745","3"
"1746","3"
"1747","3"
"1748","3"
"1749","3"
"1750","3"
"1751","3"
"1752","3"
"1753","3"
"1754","3"
"1755","3"
"1756","3"
"1757","3"
"1758","3"
"1759","3"
"1760","3"
"1761","3"
"1762","3"
"1763","3"
"1764","3"
"1765","3"
"1766","3"
"1767","3"
"1768","3"
"1769","3"
"1770","3"
"1771","3"
"1772","3"
"1773","3"
"1774","3"
"1775","3"
"1776","3"
"1777","3"
"1778","3"
"1779","3"
"1780","3"
"1781","3"
"1782","3"
"1783","3"
"1784","3"
"1785","3"
"1786","3"
"1787","3"
"1788","3"
"1789","3"
"1790","4"
"1791","4"
"1792","4"
"1793","4"
"1794","4"
"1795","4"
"1796","4"
"1797","4"
"1798","4"
"1799","4"
"1800","4"
"1801","4"
"1802","4"
"1803","4"
"1804","4"
"1805","4"
"1806","4"
"1807","4"
"1808","4"
"1809","4"
"1810","4"
"1811","4"
"1812","4"
"1813","4"
"1814","4"
"1815","4"
"1816","4"
"1817","4"
"1818","4"
"1819","4"
"1820","4"
"1821","4"
"1822","4"
"1823","4"
"1824","4"
"1825","4"
"1826","4"
"1827","4"
"1828","4"
"1829","4"
"1830","4"
"1831","4"
"1832","4"
"1833","4"
"1834","4"
"1835","4"
"1836","4"
"1837","4"
"1838","4"
"1839","4"
"1840","4"
"1841","4"
"1842","4"
"1843","4"
"1844","4"
"1845","4"
"1846","4"
"1847","4"
"1848","4"
"1849","4"
"1850","4"
"1851","4"
"1852","4"
"1853","4"
"1854","4"
"1855","4"
"1856","4"
"1857","5"
"1858","5"
"1859","5"
"1860","5"
"1861","5"
"1862","5"
"1863","5"
"1864","5"
"1865","5"
"1866","5"
"1867","5"
"1868","5"
"1869","5"
"1870","5"
"1871","5"
"1872","5"
"1873","5"
"1874","5"
"1875","5"
"1876","5"
"1877","5"
"1878","5"
"1879","5"
"1880","5"
"1881","5"
"1882","5"
"1883","5"
"1884","5"
"1885","5"
"1886","5"
"1887","5"
"1888","5"
"1889","5"
"1890","5"
"1891","5"
"1892","5"
"1893","5"
"1894","5"
"1895","5"
"1896","5"
"1897","5"
"1898","5"
"1899","5"
"1900","5"
"1901","5"
"1902","5"
"1903","5"
"1904","5"
"1905","5"
"1906","5"
"1907","5"
"1908","5"
"1909","5"
"1910","5"
"1911","5"
"1912","5"
"1913","5"
"1914","5"
"1915","5"
"1916","5"
"1917","5"
"1918","5"
"1919","5"
"1920","5"
"1921","5"
"1922","5"
"1923","5"
"1924","5"
"1925","5"
"1926","5"
"1927","6"
"1928","6"
"1929","6"
"1930","6"
"1931","6"
"1932","6"
"1933","6"
"1934","6"
"1935","6"
"1936","6"
"1937","6"
"1938","6"
"1939","6"
"1940","6"
"1941","6"
"1942","6"
"1943","6"
"1944","6"
"1945","6"
"1946","6"
"1947","6"
"1948","6"
"1949","6"
"1950","6"
"1951","6"
"1952","6"
"1953","6"
"1954","6"
"1955","6"
"1956","6"
"1957","6"
"1958","6"
"1959","6"
"1960","6"
"1961","6"
"1962","6"
"1963","6"
"1964","6"
"1965","6"
"1966","6"
"1967","6"
"1968","6"
"1969","6"
"1970","6"
"1971","6"
"1972","6"
"1973","6"
"1974","6"
"1975","6"
"1976","6"
"1977","6"
"1978","6"
"1979","6"
"1980","6"
"1981","6"
"1982","6"
"1983","6"
"1984","6"
"1985","6"
"1986","6"
"1987","6"
"1988","6"
"1989","6"
"1990","6"
"1991","6"
"1992","6"
"1993","7"
"1994","7"
"1995","7"
"1996","7"
"1997","7"
"1998","7"
"1999","7"
"2000","7"
"2001","7"
"2002","7"
"2003","7"
"2004","7"
"2005","7"
"2006","7"
"2007","7"
"2008","7"
"2009","7"
"2010","7"
"2011","7"
"2012","7"
"2013","7"
"2014","7"
"2015","7"
"2016","7"
"2017","7"
"2018","7"
"2019","7"
"2020","7"
"2021","7"
"2022","7"
"2023","7"
"2024","7"
"2025","7"
"2026","7"
"2027","7"
"2028","7"
"2029","7"
"2030","7"
"2031","7"
"2032","7"
"2033","7"
"2034","7"
"2035","7"
"2036","7"
"2037","7"
"2038","7"
"2039","7"
"2040","7"
"2041","7"
"2042","7"
"2043","7"
"2044","7"
"2045","7"
"2046","7"
"2047","7"
"2048","7"
"2049","7"
"2050","7"
"2051","7"
"2052","7"
"2053","7"
"2054","7"
"2055","7"
"2056","7"
"2057","8"
"2058","8"
"2059","8"
"2060","8"
"2061","8"
"2062","8"
"2063","8"
"2064","8"
"2065","8"
"2066","8"
"2067","8"
"2068","8"
"2069","8"
"2070","8"
"2071","8"
"2072","8"
"2073","8"
"2074","8"
"2075","8"
"2076","8"
"2077","8"
"2078","8"
"2079","8"
"2080","8"
"2081","8"
"2082","8"
"2083","8"
"2084","8"
"2085","8"
"2086","8"
"2087","8"
"2088","8"
"2089","8"
"2090","8"
"2091","8"
"2092","8"
"2093","8"
"2094","8"
"2095","8"
"2096","8"
"2097","8"
"2098","8"
"2099","8"
"2100","8"
"2101","8"
"2102","8"
"2103","8"
"2104","8"
"2105","8"
"2106","8"
"2107","8"
"2108","8"
"2109","8"
"2110","8"
"2111","8"
"2112","8"
"2113","8"
"2114","8"
"2115","8"
"2116","8"
"2117","8"
"2118","8"
"2119","8"
"2120","8"
"2121","8"
"2122","8"
"2123","8"
"2124","8"
"2125","8"
"2126","8"
"2127","8"
"2128","8"
"2129","8"
"2130","8"
"2131","8"
"2132","8"
"2133","8"
"2134","8"
"2135","8"
"2136","8"
"2137","8"
"2138","8"
"2139","8"
"2140","8"
"2141","8"
"2142","8"
"2143","8"
"2144","8"
"2145","9"
"2146","9"
"2147","9"
"2148","9"
"2149","9"
"2150","9"
"2151","9"
"2152","9"
"2153","9"
"2154","9"
"2155","9"
"2156","9"
"2157","9"
"2158","9"
"2159","9"
"2160","9"
"2161","9"
"2162","9"
"2163","9"
"2164","9"
"2165","9"
"2166","9"
"2167","9"
"2168","9"
"2169","9"
"2170","9"
"2171","9"
"2172","9"
"2173","9"
"2174","9"
"2175","9"
"2176","9"
"2177","9"
"2178","9"
"2179","9"
"2180","9"
"2181","9"
"2182","9"
"2183","9"
"2184","9"
"2185","9"
"2186","9"
"2187","9"
"2188","9"
"2189","9"
"2190","9"
"2191","9"
"2192","9"
"2193","10"
"2194","10"
"2195","10"
"2196","10"
"2197","10"
"2198","10"
"2199","10"
"2200","10"
"2201","10"
"2202","10"
"2203","10"
"2204","10"
"2205","10"
"2206","10"
"2207","10"
"2208","10"
"2209","10"
"2210","10"
"2211","10"
"2212","10"
"2213","10"
"2214","10"
"2215","10"
"2216","10"
"2217","10"
"2218","10"
"2219","10"
"2220","10"
"2221","10"
"2222","10"
"2223","10"
"2224","10"
"2225","10"
"2226","10"
"2227","10"
"2228","10"
"2229","10"
"2230","10"
"2231","10"
"2232","10"
"2233","10"
"2234","10"
"2235","10"
"2236","10"
"2237","10"
"2238","10"
"2239","10"
"2240","10"
"2241","10"
"2242","10"
"2243","10"
"2244","10"
"2245","10"
"2246","10"
"2247","10"
"2248","10"
"2249","10"
"2250","10"
"2251","10"
"2252","10"
"2253","10"
"2254","10"
"2255","10"
"2256","10"
"2257","10"
"2258","11"
"2259","11"
"2260","11"
"2261","11"
"2262","11"
"2263","11"
"2264","11"
"2265","11"
"2266","11"
"2267","11"
"2268","11"
"2269","11"
"2270","11"
"2271","11"
"2272","11"
"2273","11"
"2274","11"
"2275","11"
"2276","11"
"2277","11"
"2278","11"
"2279","11"
"2280","11"
"2281","11"
"2282","11"
"2283","11"
"2284","11"
"2285","11"
"2286","11"
"2287","11"
"2288","11"
"2289","11"
"2290","11"
"2291","11"
"2292","11"
"2293","11"
"2294","11"
"2295","11"
"2296","11"
"2297","11"
"2298","11"
"2299","11"
"2300","11"
"2301","11"
"2302","11"
"2303","11"
"2304","11"
"2305","11"
"2306","11"
"2307","11"
"2308","11"
"2309","11"
"2310","11"
"2311","11"
"2312","11"
"2313","11"
"2314","11"
"2315","11"
"2316","11"
"2317","11"
"2318","11"
"2319","11"
"2320","11"
"2321","11"
"2322","11"
"2323","11"
"2324","11"
"2325","12"
"2326","12"
"2327","12"
"2328","12"
"2329","12"
"2330","12"
"2331","12"
"2332","12"
"2333","12"
"2334","12"
"2335","12"
"2336","12"
"2337","12"
"2338","12"
"2339","12"
"2340","12"
"2341","12"
"2342","12"
"2343","12"
"2344","12"
"2345","12"
"2346","12"
"2347","12"
"2348","12"
"2349","12"
"2350","12"
"2351","12"
"2352","12"
"2353","12"
"2354","12"
"2355","12"
"2356","12"
"2357","12"
"2358","12"
"2359","12"
"2360","12"
"2361","12"
"2362","12"
"2363","12"
"2364","12"
"2365","12"
"2366","12"
"2367","12"
"2368","12"
"2369","12"
"2370","12"
"2371","12"
"2372","12"
"2373","12"
"2374","12"
"2375","12"
"2376","12"
"2377","12"
"2378","12"
"2379","12"
"2380","13"
"2381","13"
"2382","13"
"2383","13"
"2384","13"
"2385","13"
"2386","13"
"2387","13"
"2388","13"
"2389","13"
"2390","13"
"2391","13"
"2392","13"
"2393","13"
"2394","13"
"2395","13"
"2396","13"
"2397","13"
"2398","13"
"2399","13"
"2400","13"
"2401","13"
"2402","13"
"2403","13"
"2404","13"
"2405","13"
"2406","13"
"2407","13"
"2408","13"
"2409","13"
"2410","13"
"2411","13"
"2412","13"
"2413","13"
"2414","13"
"2415","13"
"2416","13"
"2417","13"
"2418","13"
"2419","13"
"2420","13"
"2421","13"
"2422","13"
"2423","13"
"2424","13"
"2425","14"
"2426","14"
"2427","14"
"2428","14"
"2429","14"
"2430","14"
"2431","14"
"2432","14"
"2433","14"
"2434","14"
"2435","14"
"2436","14"
"2437","14"
"2438","14"
"2439","14"
"2440","14"
"2441","14"
"2442","14"
"2443","14"
"2444","14"
"2445","14"
"2446","14"
"2447","14"
"2448","14"
"2449","14"
"2450","14"
"2451","14"
"2452","14"
"2453","14"
"2454","14"
"2455","14"
"2456","14"
"2457","14"
"2458","14"
"2459","14"
"2460","14"
"2461","14"
"2462","14"
"2463","14"
"2464","14"
"2465","14"
"2466","14"
"2467","14"
"2468","14"
"2469","14"
"2470","14"
"2471","14"
"2472","14"
"2473","14"
"2474","14"
"2475","14"
"2476","14"
"2477","14"
"2478","15"
"2479","15"
"2480","15"
"2481","15"
"2482","15"
"2483","15"
"2484","15"
"2485","15"
"2486","15"
"2487","15"
"2488","15"
"2489","15"
"2490","15"
"2491","15"
"2492","15"
"2493","15"
"2494","15"
"2495","15"
"2496","15"
"2497","15"
"2498","15"
"2499","15"
"2500","15"
"2501","15"
"2502","15"
"2503","15"
"2504","15"
"2505","15"
"2506","15"
"2507","15"
"2508","15"
"2509","15"
"2510","15"
"2511","15"
"2512","15"
"2513","15"
"2514","15"
"2515","15"
"2516","15"
"2517","15"
"2518","15"
"2519","15"
"2520","15"
"2521","15"
"2522","15"
"2523","15"
"2524","15"
"2525","15"
"2526","15"
"2527","15"
"2528","15"
"2529","15"
"2530","15"
"2531","15"
"2532","15"
"2533","15"
"2534","15"
"2535","15"
"2536","15"
"2537","15"
"2538","15"
"2539","15"
"2540","16"
"2541","16"
"2542","16"
"2543","16"
"2544","16"
"2545","16"
"2546","16"
"2547","16"
"2548","16"
"2549","16"
"2550","16"
"2551","16"
"2552","16"
"2553","16"
"2554","16"
"2555","16"
"2556","16"
"2557","16"
"2558","16"
"2559","16"
"2560","16"
"2561","16"
"2562","16"
"2563","16"
"2564","16"
"2565","16"
"2566","16"
"2567","16"
"2568","16"
"2569","16"
"2570","16"
"2571","16"
"2572","16"
"2573","16"
"2574","16"
"2575","16"
"2576","16"
"2577","16"
"2578","16"
"2579","16"
"2580","16"
"2581","16"
"2582","16"
"2583","16"
"2584","16"
"2585","16"
"2586","16"
"2587","16"
"2588","16"
"2589","16"
"2590","16"
"2591","16"
"2592","16"
"2593","16"
"2594","17"
"2595","17"
"2596","17"
"2597","17"
"2598","17"
"2599","17"
"2600","17"
"2601","17"
"2602","17"
"2603","17"
"2604","17"
"2605","17"
"2606","17"
"2607","17"
"2608","17"
"2609","17"
"2610","17"
"2611","17"
"2612","17"
"2613","17"
"2614","17"
"2615","17"
"2616","17"
"2617","17"
"2618","17"
"2619","17"
"2620","17"
"2621","17"
"2622","17"
"2623","17"
"2624","17"
"2625","17"
"2626","17"
"2627","17"
"2628","17"
"2629","17"
"2630","17"
"2631","17"
"2632","17"
"2633","17"
"2634","17"
"2635","17"
"2636","17"
"2637","17"
"2638","17"
"2639","17"
"2640","17"
"2641","17"
"2642","17"
"2643","17"
"2644","17"
"2645","17"
"2646","17"
"2647","17"
"2648","17"
"2649","17"
"2650","17"
"2651","17"
"2652","17"
"2653","17"
"2654","17"
"2655","17"
"2656","17"
"2657","17"
"2658","17"
"2659","17"
"2660","17"
"2661","17"
"2662","17"
"2663","17"
"2664","17"
"2665","17"
"2666","18"
"2667","18"
"2668","18"
"2669","18"
"2670","18"
"2671","18"
"2672","18"
"2673","18"
"2674","18"
"2675","18"
"2676","18"
"2677","18"
"2678","18"
"2679","18"
"2680","18"
"2681","18"
"2682","18"
"2683","18"
"2684","18"
"2685","18"
"2686","18"
"2687","18"
"2688","18"
"2689","18"
"2690","18"
"2691","18"
"2692","18"
"2693","18"
"2694","18"
"2695","18"
"2696","18"
"2697","18"
"2698","18"
"2699","18"
"2700","18"
"2701","18"
"2702","18"
"2703","18"
"2704","18"
"2705","18"
"2706","18"
"2707","18"
"2708","18"
"2709","18"
"2710","18"
"2711","18"
"2712","18"
"2713","18"
"2714","18"
"2715","18"
"2716","18"
"2717","18"
"2718","18"
"2719","18"
"2720","18"
"2721","18"
"2722","18"
"2723","18"
"2724","18"
"2725","19"
"2726","19"
"2727","19"
"2728","19"
"2729","19"
"2730","19"
"2731","19"
"2732","19"
"2733","19"
"2734","19"
"2735","19"
"2736","19"
"2737","19"
"2738","19"
"2739","19"
"2740","19"
"2741","19"
"2742","19"
"2743","19"
"2744","19"
"2745","19"
"2746","19"
"2747","19"
"2748","19"
"2749","19"
"2750","19"
"2751","19"
"2752","19"
"2753","19"
"2754","19"
"2755","19"
"2756","19"
"2757","19"
"2758","19"
"2759","19"
"2760","19"
"2761","19"
"2762","19"
"2763","19"
"2764","19"
"2765","19"
"2766","19"
"2767","19"
"2768","19"
"2769","19"
"2770","19"
"2771","19"
"2772","19"
"2773","19"
"2774","19"
"2775","19"
"2776","19"
"2777","19"
"2778","19"
"2779","19"
"2780","19"
"2781","19"
"2782","19"
"2783","19"
"2784","19"
"2785","19"
"2786","19"
"2787","20"
"2788","20"
"2789","20"
"2790","20"
"2791","20"
"2792","20"
"2793","20"
"2794","20"
"2795","20"
"2796","20"
"2797","20"
"2798","20"
"2799","20"
"2800","20"
"2801","20"
"2802","20"
"2803","20"
"2804","20"
"2805","20"
"2806","20"
"2807","20"
"2808","20"
"2809","20"
"2810","20"
"2811","20"
"2812","20"
"2813","20"
"2814","20"
"2815","20"
"2816","20"
"2817","20"
"2818","20"
"2819","20"
"2820","20"
"2821","20"
"2822","20"
"2823","20"
"2824","20"
"2825","20"
"2826","20"
"2827","20"
"2828","20"
"2829","20"
"2830","20"
"2831","20"
"2832","20"
"2833","20"
"2834","20"
"2835","20"
"2836","20"
"2837","20"
"2838","20"
"2839","20"
"2840","20"
"2841","20"
"2842","20"
"2843","20"
"2844","20"
"2845","20"
"2846","20"
"2847","20"
"2848","20"
"2849","20"
"2850","20"
"2851","20"
"2852","20"
"2853","20"
"2854","20"
"2855","20"
"2856","20"
"2857","20"
"2858","20"
